"nbsp","sing.sp","FRic","qual.FRic","FEve","FDiv","FDis","RaoQ","CWM.locomotor_rowan","CWM.trophic_rowan","CWM.bodymass","shortName","nLocomotor","nTrophic"
44,44,0.000731998272349438,0.260153437752732,0.928885983705323,0.675971169020911,0.379189627629937,0.155885417435585,"T","FL",166664.496590909,"Aberdare",5,15
32,32,5.70310062467998e-05,0.260153437752732,0.834064223023727,0.654668602318997,0.378336106163544,0.148788605673585,"T","CI",25632.2834375,"Abijatta-Shalla Lake",5,14
32,32,1.09033850810119e-05,0.260153437752732,0.867008891946433,0.676152156026189,0.364390443217535,0.140238107445039,"T","C",76900.494296875,"Abou Telfance",3,14
16,16,1.96154778806558e-11,0.260153437752732,0.928920921494381,0.663181711469436,0.305538249390102,0.103884901651246,"T","C",24486.93875,"Addax",2,8
29,29,1.59629547421824e-05,0.260153437752732,0.835465856076498,0.641830831700845,0.384572396219319,0.151236764011432,"T","C",21668.7806896552,"Ai-Ais Hot Spring",4,10
67,67,0.000734031243942051,0.260153437752732,0.785452658564038,0.710049039849363,0.399015292663574,0.168174047461505,"T","CI",144363.133843284,"Akegera",5,17
22,22,2.98674854676909e-08,0.260153437752732,0.900264120325811,0.681561553031548,0.335118701567319,0.122673949678844,"T","C",20574.5295454545,"Alor",3,11
37,37,0.00193508828055921,0.260153437752732,0.874977705163963,0.682118417611933,0.403830553938766,0.172224623116277,"T","CI",201914.550216216,"Amani",5,13
47,47,2.29708613154008e-05,0.260153437752732,0.933559886977572,0.674313259899955,0.369793955074307,0.151026937049791,"T","C",225121.709787234,"Amboseli",4,15
44,44,0.000513262396798909,0.260153437752732,0.810507418988854,0.648531337826249,0.391793992859628,0.161238761654317,"T","CI",113258.652045455,"Angola",5,14
17,17,4.40245010668079e-05,0.260153437752732,0.969410410019854,0.646297066662192,0.379896299808394,0.159955689575826,"T","FL",341661.901764706,"Arabuko-Sokoke",4,10
25,25,2.04600179357448e-07,0.260153437752732,0.991216677660904,0.560485339351698,0.311484234418837,0.115536143141238,"T","G",347472.9204,"Arawale",3,11
43,43,1.50143285692742e-05,0.260153437752732,0.797606169760865,0.674150700065506,0.368129401406353,0.146970214353678,"T","CI",140834.653895349,"Arli",4,15
43,43,1.50143285692742e-05,0.260153437752732,0.797606169760865,0.674150700065506,0.368129401406353,0.146970214353678,"T","CI",140834.653895349,"Arly",4,15
39,39,0.00197953335736922,0.260153437752732,0.993227144559937,0.681403350541327,0.392251837207642,0.166406179465792,"T","B",235896.751025641,"Arusha",5,15
43,43,0.000256132733253619,0.260153437752732,0.878589781644314,0.636995787460005,0.369592723796514,0.146563348940474,"T","C",81368.5923255814,"Awash NP",5,13
47,47,0.000110436133382141,0.260153437752732,0.807186002807103,0.670531528975095,0.378901900215271,0.150290930082968,"T","CI",61275.9231382979,"Badiar NP",5,16
40,40,0.00041592564649606,0.260153437752732,0.950065126847856,0.68768709499007,0.402018792760576,0.173598324863661,"T","FL",263590.63025,"Bagbele",5,16
46,46,5.17752293960424e-05,0.260153437752732,0.7963722824636,0.657808477872592,0.364405622468692,0.141744199658961,"T","C",74725.7745108696,"Bahr Salamat",5,15
31,31,7.43371559050162e-05,0.260153437752732,0.896917089853307,0.648131492024243,0.367371425051156,0.141511170339797,"T","C",37795.4574193548,"Bale Mountains NP",5,12
54,54,7.97722939818387e-05,0.260153437752732,0.885148498439298,0.637007318376227,0.365407685038148,0.14706440547381,"T","CI",197833.216666667,"Banagi",4,15
8,8,1.86846929459507e-14,0.260153437752732,0.990733381784955,0.719998110171207,0.352257755511451,0.131321770802207,"T","C",23042.33375,"Banc d'Arguin",3,6
22,22,9.67186651448249e-06,0.260153437752732,0.801153512400782,0.67390650646857,0.367337925157321,0.140795968552751,"T","CI",12873.905,"Bandia",4,10
57,57,0.000580051058528958,0.260153437752732,0.855099939578143,0.689621156792473,0.380800100629324,0.154464233175419,"T","CI",91118.7529385965,"Bangweulu Swamps",5,17
10,10,2.85161690228684e-12,0.260153437752732,0.99747838790641,0.637101510396197,0.332217897884257,0.116448081476953,"T","C",18774.519,"Belezma NP",2,8
30,30,0.00010966134667771,0.260153437752732,0.918991361474404,0.719484205877281,0.42598416067841,0.187270767771243,"T","FL",137357.489666667,"Benin",5,13
49,49,6.4859260651591e-05,0.260153437752732,0.802246531853715,0.661327846365299,0.375936989138152,0.152141100398952,"T","CI",158016.020459184,"Benoue NP",5,15
54,54,0.000125594989916467,0.260153437752732,0.827673969128897,0.701098330045407,0.378936016130167,0.15616166805689,"T","C",171162.272361111,"BHINE",5,17
53,53,0.000513484906388688,0.260153437752732,0.843682451731542,0.693157006340155,0.371760294257527,0.148357953761323,"T","CI",85497.0514622641,"Bikuar NP",5,17
43,43,4.6712954710291e-05,0.260153437752732,0.781489634270227,0.658050740224463,0.366124946938291,0.142053039356245,"T","CI",53081.1001744186,"Binder",5,15
40,40,1.47088637084105e-05,0.260153437752732,0.756364475309319,0.672103476293075,0.377631259015124,0.152147324701456,"T","CI",131289.9029375,"Bontioli Reserve",4,14
14,14,2.88360346227634e-10,0.260153437752732,0.99810967444113,0.614700374363184,0.309871105988106,0.105877746811338,"T","MF",21634.3171428571,"Bou-Hedma NP",2,11
48,48,0.00228456178942368,0.260153437752732,0.818710996218875,0.713259236597168,0.416374129886801,0.178255911515865,"T","FL",116094.368645833,"Boumba Bek/Neki NP",5,13
42,42,0.000596814108689915,0.260153437752732,0.925472242746797,0.669987338613744,0.416587775173394,0.181011336570247,"T","FL",167013.309714286,"Budongo",5,16
13,13,9.35022651137299e-08,0.260153437752732,0.985800913699982,0.679852858844776,0.409124849112786,0.18477204890506,"T","FL",491799.732307692,"Budongo Forest",4,10
42,42,0.000141512195078067,0.260153437752732,0.850581084356136,0.659971567166685,0.362893881487917,0.141106927482021,"T","CI",50252.3389880952,"Bufalo PR",5,16
49,49,0.000674566226865105,0.260153437752732,0.787802037274374,0.67700005656751,0.391288248322733,0.15994505437261,"T","CI",71146.9709353741,"Bururi Forest NR",5,16
48,48,0.00102515819643876,0.260153437752732,0.833477096358771,0.693216080710373,0.420809100532558,0.182568002261206,"T","FL",143343.4909375,"Campo Ma'an NP",5,13
16,16,2.66425116728637e-09,0.260153437752732,0.929078884555314,0.635215663164851,0.321069721406827,0.112925697321881,"T","C",19670.571875,"Chambi NP",3,11
58,58,1.65838887078389e-05,0.260153437752732,0.911075151351634,0.702578883057827,0.379303170845218,0.157071774189662,"T","C",237599.558103448,"Chobe",4,16
28,28,1.64813084174292e-05,0.260153437752732,0.808292461667592,0.657231070053558,0.376275178874613,0.147029614518358,"T","CI",28982.6838392857,"Cliffs of Bandiagara",4,12
53,53,0.000568606530534647,0.260153437752732,0.822704383867099,0.731864813811737,0.420525433558103,0.181765331554974,"T","FL",132775.072169811,"Congo Basin",5,13
48,48,0.000548271332115785,0.260153437752732,0.848259755479022,0.66611529180852,0.408799635138736,0.17347904071026,"T","C",114056.174270833,"Conkouati-Douli NP",5,14
37,37,0.000201740210417049,0.260153437752732,0.907184398431773,0.722581073413306,0.42058905556005,0.183692410747602,"T","FL",177662.323081081,"Cross River",5,13
32,32,1.96966887801992e-05,0.260153437752732,0.900312463475021,0.644466826335931,0.365517533804271,0.139900007600946,"T","C",30844.0615625,"Daan Viljoen GP",3,14
41,41,1.50149370392516e-05,0.260153437752732,0.762455933024268,0.675662529489507,0.375787756949801,0.151023952777881,"T","CI",128746.241158537,"Deux Bales",4,14
25,25,9.12478730382426e-06,0.260153437752732,0.783426050330076,0.639350514849155,0.369165404687142,0.141652897808415,"T","CI",14879.0739,"Diawling NP",4,11
16,16,1.74846718300498e-08,0.260153437752732,0.857702925217978,0.661141034622458,0.355588590365388,0.132624759408176,"T","C",15046.778125,"Djurdjura NP",4,9
34,34,0.000109285305688089,0.260153437752732,0.939127040359178,0.714523778533974,0.425161279047048,0.188034384214559,"T","FL",194250.692691176,"East of River Niger",5,13
10,10,6.46505975085948e-15,0.260153437752732,0.841983648246463,0.715089390076258,0.332692982239302,0.115919092554449,"T","C",10512.266,"El Omayed Biosphere",2,7
44,44,2.31155483862024e-05,0.260153437752732,0.823185251039918,0.655862490708706,0.363163681514277,0.143876815334127,"T","C",173689.768125,"Etosha NP",3,14
20,20,1.83020815061771e-08,0.260153437752732,0.833723515759223,0.658560792310998,0.333373660317996,0.123119736051916,"T","C",19198.395375,"Fada Archei FR",3,10
31,31,2.86393250573509e-05,0.260153437752732,0.917257415669135,0.614169647864305,0.348397155300614,0.135319275087943,"T","C",167809.989290323,"Gabiro",4,13
21,21,1.35722032511431e-07,0.260153437752732,0.790063186471524,0.7301475798911,0.380035645850723,0.148854395387041,"T","C",59115.0708333333,"Gadabedji FR",3,9
44,44,0.000126211360201903,0.260153437752732,0.834064780818268,0.665474907272083,0.391366181553775,0.16371508005231,"T","CI",200175.862272727,"Gambela NP",5,14
36,36,9.83423435557856e-05,0.260153437752732,0.93645737492127,0.640506682976042,0.399766301058435,0.172635199081224,"T","C",296205.769444444,"Garamba",5,14
68,68,0.000901865491826508,0.260153437752732,0.859075723208609,0.72615241338137,0.398079715714537,0.166945755482641,"T","FL",157409.464742647,"Garamba NP",5,17
63,63,0.000737605383535731,0.260153437752732,0.869392263103206,0.712251523514322,0.367341942644634,0.146698349026929,"T","C",102302.338055556,"Ghonarezhou NP",5,17
49,49,0.000530844229669776,0.260153437752732,0.83045136036706,0.70825607370587,0.379226040769424,0.157003707266539,"T","CI",175942.661785714,"Gile GR",5,17
67,67,0.000766252530445169,0.260153437752732,0.79403378168532,0.699544371593825,0.39385352067841,0.160507442588802,"T","FL",47313.4868221393,"Gishwati FR",5,17
32,32,3.77378150834579e-07,0.260153437752732,0.834077339142578,0.65574476368396,0.35353691227626,0.136077032828957,"T","G",68448.1834375,"Golden Gate NP",4,12
60,60,0.00069299451321024,0.260153437752732,0.782106887286361,0.679957064882397,0.399549284038094,0.165510121008515,"T","C",74458.6702916667,"Gombe NP",5,17
53,53,0.000432804721404887,0.260153437752732,0.804743900884347,0.713877703364793,0.356962097009571,0.141788135290793,"T","CI",136987.412971698,"Gorongosa NP",5,17
57,57,0.000719993042813066,0.260153437752732,0.873353234384621,0.675548920855493,0.384842391904177,0.159357630606512,"T","FL",182725.314631579,"Guinea",5,14
56,56,0.000144375288594361,0.260153437752732,0.840820714989085,0.650278490404475,0.38169866239894,0.157260965542504,"T","CI",185916.226205357,"Guinea Woodland",5,15
35,35,2.33489415779315e-07,0.260153437752732,0.7890147313688,0.629272878348773,0.37787112367253,0.151336578735387,"T","C",79231.52,"Hadar",4,13
56,56,0.00056846384453198,0.260153437752732,0.90027159121968,0.686791570792843,0.364962897721965,0.149135610800599,"T","C",226720.955535714,"Hluhluwe",5,16
58,58,0.00016611170581738,0.260153437752732,0.840121419838536,0.71303371242663,0.367921690324514,0.148910776693088,"T","C",175346.31875,"Hwange",5,17
46,46,8.94887495428557e-05,0.260153437752732,0.85345356317922,0.63834805079662,0.379276213498453,0.152045844057078,"T","C",96529.3269565217,"Iona NP",4,15
45,45,0.000210468871438318,0.260153437752732,0.880038872719519,0.671449840573993,0.425504553532345,0.186025996343796,"T","FL",160678.148666667,"Irangi",5,14
23,23,3.89782223739292e-06,0.260153437752732,0.952607836271957,0.632333803897915,0.340446521391456,0.126059143184913,"T","C",42902.3055652174,"Jebel Marra",3,13
34,34,0.000305119884927907,0.260153437752732,0.84447778614174,0.637802370207461,0.384168498967632,0.157595040697804,"T","C",126216.391764706,"Jos Plateau",5,12
44,44,0.000425094576162495,0.260153437752732,0.895588267423836,0.685632035713681,0.393738127323359,0.166278548899529,"T","C",185168.896363636,"Kabalega/Murchison",5,16
40,40,1.16701133246369e-05,0.260153437752732,0.781973229852092,0.657455988548013,0.367120466274087,0.142156189320166,"T","CI",51119.2984375,"Kabore-Tambi NP",4,15
37,37,4.77662544714491e-07,0.260153437752732,0.956441699362746,0.652281919494199,0.380786366354087,0.158599652179455,"T","C",229567.696756757,"Kafue",4,14
38,38,2.37805923242268e-07,0.260153437752732,0.944648151244644,0.640166434192874,0.343900913892718,0.134488523208826,"T","CI",237590.807368421,"Kafue Flats",4,13
62,62,0.000550769749879284,0.260153437752732,0.82635427657393,0.691316931945022,0.386645314231779,0.160338303916798,"T","C",150878.218870968,"Kafue National Park",5,17
43,43,0.000834672112272793,0.260153437752732,0.921215576358162,0.672361956147319,0.398640887413571,0.168045146278495,"T","C",151399.132744186,"Kakamega",5,15
36,36,4.21196056884061e-06,0.260153437752732,0.926436444315845,0.675179104287579,0.369702246891943,0.143012872284038,"T","C",68068.7722222222,"Kalahari Gemsbok",3,14
15,15,7.56719810269362e-10,0.260153437752732,0.923998287739295,0.62512628971184,0.362685787389895,0.135865282855758,"T","C",25760.5113333333,"Kalahari Thornveld",3,9
54,54,0.000522685896293485,0.260153437752732,0.846690023863783,0.701954148110019,0.383496753084949,0.153832940225737,"T","CI",59208.7944907407,"Kameia NP",5,16
46,46,0.000313037627683284,0.260153437752732,0.796442550730735,0.667802387387791,0.394835876918656,0.160435679066578,"T","CI",42320.776576087,"Kangandala NP",5,17
49,49,1.48125207538758e-05,0.260153437752732,0.894017800159648,0.656376860300277,0.371977217634909,0.152711506313859,"T","G",247164.285306122,"Kapama GR",4,16
45,45,5.18805737888892e-05,0.260153437752732,0.90738369970768,0.652383894676514,0.359114964291825,0.141136201391137,"T","C",140640.569333333,"Kapiti",4,14
48,48,5.45890763808308e-06,0.260153437752732,0.891762964422412,0.67406240717439,0.357533746237272,0.140766620515836,"T","CI",188826.205625,"Karamoja",3,14
67,67,0.000759186095692179,0.260153437752732,0.81242649331698,0.723522855270668,0.374265699631829,0.152551748270453,"T","CI",167438.501902985,"Kasunga",5,17
45,45,1.87860562159445e-05,0.260153437752732,0.838076164561704,0.663062853368896,0.37353341491537,0.149950422996521,"T","C",164199.2775,"Khaudom NP",3,15
72,72,0.0029702972212886,0.260153437752732,0.783411345548808,0.737098590541455,0.393600917838212,0.164093837969871,"T","FL",112950.675104167,"Kibale NP",5,17
65,65,0.000788270169747232,0.260153437752732,0.81680677429171,0.683561132744593,0.395698902776005,0.161899921830817,"T","FL",45902.6227820513,"Kibira NP",5,17
45,45,9.41184903362355e-05,0.260153437752732,0.907278210616155,0.642349608793735,0.357669277590606,0.141397066631176,"T","B",201050.170444444,"Kidepo",4,14
19,19,1.04927720713424e-06,0.260153437752732,0.941185617769154,0.65911783180826,0.369259904847999,0.150269308226367,"T","B",391772.693684211,"Kilimanjaro",3,10
38,38,0.000422059890951442,0.260153437752732,0.80635640610556,0.690661864177627,0.380264846294627,0.156529878854747,"T","CI",130711.000197368,"Kisama NP",5,14
44,44,0.000608101589508364,0.260153437752732,0.831786660954683,0.690821606462129,0.414599451664345,0.177202428700122,"T","FL",139801.505369318,"Kivu",5,13
67,67,0.000583309043487023,0.260153437752732,0.816118207517677,0.675614177107076,0.359592525429723,0.140669886509533,"T","CI",72148.500858209,"Kizigo GR",5,17
16,16,0.00013389177072092,0.260153437752732,0.929003111262068,0.654974478517987,0.395869748857394,0.159616296504465,"T","FL",12284.01625,"Knysna/Wilderness NP",5,8
44,44,0.00019317766008566,0.260153437752732,0.839647849170322,0.733268819649928,0.421397751755882,0.181736056341327,"T","FL",113382.85,"Korup NP",5,12
43,43,1.50143285692742e-05,0.260153437752732,0.797606169760865,0.674150700065506,0.368129401406353,0.146970214353678,"T","CI",140834.653895349,"Kourtiagou",4,15
71,71,0.000669598716341797,0.260153437752732,0.878827771517504,0.716543135546094,0.368638464480082,0.150518140437006,"T","C",191908.213239437,"Kruger",5,18
49,49,0.00010160942663622,0.260153437752732,0.849916793421929,0.71859347444386,0.424558359236275,0.185712380764592,"T","FL",143264.398469388,"La Maboke",5,16
12,12,5.59850966814719e-10,0.260153437752732,0.800828433928662,0.681215682240909,0.356985877815005,0.131880628080453,"T","CI",14927.1825,"Lac d'Afennourir",3,7
25,25,6.50898568840641e-07,0.260153437752732,0.826553832845247,0.705563587248775,0.37072235244431,0.149495435602407,"T","C",179817.9235,"Lac Fitri",3,10
13,13,6.91926403508929e-10,0.260153437752732,0.90974836958088,0.644143759482614,0.333884236421115,0.119095068992437,"T","C",15510.8469230769,"Lac Oubeira",3,8
47,47,0.00228435671655185,0.260153437752732,0.836998686361585,0.718979241955539,0.416265074206388,0.178391536650925,"T","FL",118510.040106383,"Lac Tele",5,13
11,11,1.60108468116924e-12,0.260153437752732,0.889702087588008,0.649157266369828,0.326231094698211,0.114556278596505,"T","C",14983.1209090909,"Lac Tonga",3,7
29,29,1.27430423096644e-05,0.260153437752732,0.889254591788594,0.642443895367644,0.394084795315148,0.167675212676604,"T","CI",209400.203103448,"Lake Chad",4,11
54,54,0.000703019143416241,0.260153437752732,0.80837488657411,0.696797226185491,0.378842367116607,0.152963718068962,"T","CI",86406.5258796296,"Lake Chilwa Wetlands",5,17
30,30,8.52357074654751e-06,0.260153437752732,0.993551978368144,0.605963587056081,0.357255221547774,0.137198058548242,"T","C",118043.215333333,"Lake Magadi",3,14
42,42,0.000436053747082072,0.260153437752732,0.934619121907138,0.670778633589555,0.402158686520291,0.172343876242898,"T","FL",221283.391428571,"Lake Manyara",5,15
34,34,4.53388820005561e-05,0.260153437752732,0.968835560174774,0.64775798186922,0.372393092494572,0.14932155823892,"T","CI",122312.280294118,"LakeNaivashaHellGate",4,13
64,64,0.00163803456423399,0.260153437752732,0.835631752297486,0.689756651094899,0.412768802685905,0.17626465752836,"T","FL",122315.97609375,"Lamto",5,16
44,44,0.000157613932697662,0.260153437752732,0.852105461122176,0.661342935037651,0.413071757059507,0.174092673935006,"T","C",76235.6353409091,"Lefini",5,15
42,42,6.0707284056119e-05,0.260153437752732,0.90039338348418,0.648865041583432,0.364450353041258,0.148140474934705,"T","C",228364.036619048,"Legaja",4,12
30,30,0.000528679021559615,0.260153437752732,0.910642441248038,0.673566143144898,0.41273866714186,0.176328427809173,"T","C",176260.567666667,"Lemera",5,11
62,62,0.000669823261805875,0.260153437752732,0.813409855282893,0.715533774096249,0.381153627648962,0.156731321506171,"T","CI",161309.263024194,"Lengwe/Mwabvi",5,17
35,35,8.21864657905928e-06,0.260153437752732,0.994218768593187,0.658384044310333,0.33581358101187,0.127408069745295,"T","G",168917.047428571,"Linyanti",4,14
37,37,4.34526126802916e-05,0.260153437752732,0.914626498359752,0.670651062535067,0.36070930212956,0.147366352300071,"T","C",242512.621351351,"Liwonde",5,16
34,34,1.85343390931109e-05,0.260153437752732,0.937934096826015,0.626755491829923,0.378591516240413,0.157674325130734,"T","CI",187775.675,"Lokori",4,13
47,47,0.00102515547593317,0.260153437752732,0.830100942778134,0.684803953356266,0.413286988577378,0.176423671625501,"T","FL",109945.800957447,"Lope Reserve",5,12
56,56,0.000627929846205926,0.260153437752732,0.834042642410176,0.694287251255908,0.389659100098442,0.161334260521695,"T","CI",129228.428883929,"Luando",5,16
56,56,0.000113232038410464,0.260153437752732,0.907716945092472,0.684447812367655,0.366716582105435,0.150020746222859,"T","G",246051.774642857,"Luiana NP",5,17
46,46,0.000409105014133505,0.260153437752732,0.886740363643458,0.689552194769087,0.370141049592697,0.152438439789717,"T","CI",191797.129565217,"Lunga",5,16
40,40,0.000589064714676132,0.260153437752732,0.947670153535694,0.673507963905456,0.365609087790831,0.144029014413054,"T","CI",58420.31475,"Lusinga",5,14
29,29,0.000251124053734576,0.260153437752732,0.926213041926367,0.695603808976863,0.372437282663778,0.157138114600714,"T","CI",244456.266551724,"Mabwe",5,14
43,43,1.50143285692742e-05,0.260153437752732,0.797606169760865,0.674150700065506,0.368129401406353,0.146970214353678,"T","CI",140834.653895349,"Madjoari",4,15
50,50,0.000429637403334277,0.260153437752732,0.908262091802577,0.638420386154782,0.362859150858664,0.146971152783419,"T","FL",202786.8116,"Mago NP",5,15
55,55,0.000768597147221721,0.260153437752732,0.891574828890237,0.691917669189803,0.401549726776995,0.171012860712086,"T","CI",192975.041454545,"Mahale Mountain NP",5,17
51,51,1.76584909263672e-05,0.260153437752732,0.83757489467151,0.659933629597159,0.384084561320128,0.155710446855833,"T","C",117155.57504902,"Mahango GR",4,16
53,53,0.000740109920233442,0.260153437752732,0.824189534336924,0.710798651723672,0.376291851800162,0.153353939932984,"T","CI",131177.844481132,"Majete WR",5,17
37,37,8.1854545077248e-05,0.260153437752732,0.857580093359753,0.732581606727565,0.416871627941306,0.180589458149859,"T","FL",191374.164324324,"Makakou",5,12
55,55,0.00231744435183781,0.260153437752732,0.854337215948152,0.709725119157707,0.426066308558502,0.185983818016862,"T","FL",130807.479454545,"Makokou",5,14
53,53,1.9757323371962e-05,0.260153437752732,0.843760562785694,0.66277972217384,0.368744660040273,0.148171998031086,"T","C",160942.442783019,"Mamili/Nkasa Rupara",4,16
55,55,0.000599706710352948,0.260153437752732,0.849589331646081,0.696977613018265,0.365410184334373,0.145570217462619,"T","CI",93987.2421363636,"Mana Pools NP",5,17
48,48,5.01084317286765e-05,0.260153437752732,0.798026482551076,0.648508610253673,0.358364794681545,0.138036151190005,"T","CI",62998.4116145833,"Manda NP",5,15
48,48,1.82285220095902e-05,0.260153437752732,0.805211109156732,0.665756024806423,0.356128618429946,0.136881494790914,"T","C",70162.7668229167,"Mandelia",4,16
47,47,0.000524666317989378,0.260153437752732,0.822934706924341,0.686507579632049,0.379677734066958,0.157156484616464,"T","CI",141742.903776596,"Manputo GR",5,15
40,40,1.13963063126768e-05,0.260153437752732,0.756354120716358,0.663657565874059,0.378077175382885,0.150071876426828,"T","CI",74084.1646875,"Mare aux Hippootames",4,14
47,47,0.000497900907153262,0.260153437752732,0.845088707195998,0.681776505715036,0.377664202882448,0.152646077717684,"T","CI",97807.4329255319,"Marroumeu GR",5,17
50,50,0.000422517390763414,0.260153437752732,0.875530817020799,0.648136609656532,0.379308032130179,0.154259519309058,"T","CI",162811.4736,"Marsabit NP",4,14
70,70,0.00243577254620604,0.260153437752732,0.898263161876939,0.71111505068671,0.376654997166712,0.154706074143067,"T","CI",159499.192571429,"Masai",5,17
48,48,0.00211988162468231,0.260153437752732,0.758646718625022,0.673241626611276,0.404014947595499,0.16516730906185,"T","FL",23911.531875,"Massif du Ziama",5,11
51,51,0.000156977766640014,0.260153437752732,0.837431721340519,0.695474873658609,0.366885954898838,0.144567796304387,"T","CI",103915.860931373,"Matobo NP",5,16
51,51,4.67278943539144e-05,0.260153437752732,0.817066026100187,0.694529991760412,0.373161276027456,0.152877569596489,"T","CI",168208.387205882,"Matusandona NP",5,16
48,48,0.000127666123422392,0.260153437752732,0.826732518365811,0.687190578784529,0.36554561218862,0.143157983840502,"T","CI",89632.91515625,"Mavinga PR",5,17
47,47,0.00251208822977469,0.260153437752732,0.898002441598996,0.666576768670344,0.394214257798308,0.16058810150021,"T","CI",42382.6413297872,"Mbam et Djerem NP",5,17
10,10,1.65921615568454e-11,0.260153437752732,0.875929648288081,0.683954335683156,0.323664095465486,0.111821835540673,"T","CI",13598.783,"Merja Sidi Boughaba",2,7
59,59,0.00150398195201721,0.260153437752732,0.947478054357043,0.69790009565804,0.390670268128768,0.164429556060661,"T","C",219452.660508475,"Meru NP",5,16
49,49,9.26635763341605e-05,0.260153437752732,0.885578400391977,0.688683994823274,0.369278236936259,0.150544584203658,"T","C",172331.121836735,"Messina",5,17
35,35,3.05705097461351e-07,0.260153437752732,0.956447452060639,0.649214250682786,0.375998487284346,0.156054661391844,"T","C",278806.303714286,"Mikumi NP",4,15
40,40,8.45858109756004e-05,0.260153437752732,0.856265688087921,0.634732845307807,0.361494824986611,0.137856115775828,"T","C",35889.73225,"Mocamedes",3,14
61,61,0.000152547587524277,0.260153437752732,0.803580459510616,0.67831566244734,0.377447903328685,0.154152758931778,"T","CI",174388.293565574,"MonovoGoundaStFloris",5,16
44,44,0.000787137312786807,0.260153437752732,0.883182976551096,0.679860453021833,0.384940811959311,0.158659687810236,"T","FL",149600.973136364,"Mount Kenya",5,14
31,31,0.000202452188079529,0.260153437752732,0.872705080774118,0.647103328074775,0.415329577680769,0.17422459350593,"T","FL",36214.57,"Mount Nimba",5,13
45,45,9.66485924337207e-05,0.260153437752732,0.820934952173264,0.682575919027232,0.385878629220798,0.156046989758491,"T","CI",97083.5662222222,"Mt Assirik",5,15
23,23,8.98972807527015e-06,0.260153437752732,0.959307663281538,0.668896862033178,0.394608538284836,0.16547862789461,"T","FL",259129.662608696,"Mt Elgon NP",3,11
42,42,0.000157071682402828,0.260153437752732,0.869796118374187,0.646515380218543,0.41395483696441,0.174520112422945,"T","C",72912.5955952381,"Mt Fouari FR",5,13
51,51,0.00208777057509207,0.260153437752732,0.757621442986894,0.696321815704189,0.405969707370704,0.168700195803841,"T","CI",54217.9139215686,"Mt Nimba Strice NR",5,13
53,53,2.01028799018494e-05,0.260153437752732,0.863283848344048,0.657999653584151,0.376674541389905,0.154662303655084,"T","C",185294.28504717,"Mudumu NP",4,16
53,53,0.000153162823461771,0.260153437752732,0.843682440966603,0.69761229905271,0.369628435806727,0.14746519862485,"T","CI",107905.357688679,"Mupa NP",5,17
46,46,0.00014251283673206,0.260153437752732,0.818973225393199,0.691982759548676,0.358828198829923,0.138240296797827,"T","CI",38744.1482065217,"Mushandike",5,16
51,51,0.000530853445594446,0.260153437752732,0.817017831256876,0.708415398251982,0.378480648455155,0.156074090147931,"T","CI",164963.318970588,"Mwabvi WR",5,17
36,36,9.47311314175774e-05,0.260153437752732,0.941468698054148,0.678980098023195,0.35574865417972,0.144384638706744,"T","FL",266498.943333333,"Mweru",5,15
56,56,0.000660706764981696,0.260153437752732,0.825488516200026,0.691585023511108,0.384205141101576,0.155800502676408,"T","CI",89068.0624553571,"Mweru-Wantipa",5,17
55,55,0.00220997736816935,0.260153437752732,0.962432913278726,0.67879138662824,0.384269123087818,0.157282265758026,"T","C",112876.668909091,"Nairobi",5,16
44,44,0.000566218360217398,0.260153437752732,0.928950077740451,0.654048307343848,0.391626982988405,0.160371538448093,"T","C",73861.1620454545,"Nakuru",5,13
18,18,1.93191934436272e-08,0.260153437752732,0.937551684047432,0.73062927926429,0.362829623532017,0.138074211021762,"T","C",41713.1977777778,"Namib Desert",3,10
34,34,2.09495788324981e-05,0.260153437752732,0.875553002871789,0.63867754896919,0.368035878976468,0.141256635212475,"T","C",35688.9770588235,"Namib Naukluft GR",3,14
39,39,0.000603287020557689,0.260153437752732,0.85507881148835,0.664683766963129,0.3611175831653,0.139470066322599,"T","CI",18878.1997435897,"Natal Woodland",5,14
42,42,9.82053188425428e-06,0.260153437752732,0.950216285230984,0.73419990832545,0.376537895755544,0.155414528372563,"T","C",241781.512619048,"Ngorongoro",5,15
58,58,0.00223813858702906,0.260153437752732,0.798346997164716,0.692034157420551,0.405370869077205,0.16892633155412,"T","FL",62447.1928017241,"Ngotto Forest",5,15
55,55,0.000198640585864301,0.260153437752732,0.793225588884843,0.711852623232814,0.374736950971126,0.153700131469701,"T","CI",159622.573227273,"Niassa GR",5,17
56,56,0.000736218971900677,0.260153437752732,0.833950470583976,0.713834133569582,0.378532606368816,0.156216946259973,"T","CI",157411.341383929,"Nkhoto-Kota WR",5,17
47,47,0.00228435671655185,0.260153437752732,0.836998660417602,0.719393768104103,0.41707887744821,0.17899677439541,"T","FL",118462.375,"Nouabale-Ndoki NP",5,14
43,43,6.10242382364279e-05,0.260153437752732,0.825400262452462,0.665732230079401,0.413983495641153,0.174324872777203,"T","C",71431.8468604651,"Nyganga Nord FR",5,13
57,57,0.000585999279172279,0.260153437752732,0.901971041516438,0.698550356369331,0.365391712938996,0.148192672147198,"T","CI",175585.98,"Nyika",5,17
33,33,3.14648509858223e-05,0.260153437752732,0.922067057250023,0.652462193727536,0.367182547371717,0.150234745075337,"T","C",194740.364848485,"Nyika Plateau",5,15
64,64,0.000766229267245582,0.260153437752732,0.814164953003877,0.700355191668315,0.395670367653549,0.16173520824171,"T","FL",48064.8318880208,"Nyungwe FR",5,17
43,43,0.000216777048639143,0.260153437752732,0.911536962156748,0.725768792234956,0.423742116136596,0.185395799055631,"T","FL",157058.964651163,"Obudu-Boshir",5,14
51,51,0.00274568432396675,0.260153437752732,0.802316626237909,0.723661533390294,0.416043746933279,0.177749940931306,"T","FL",113707.396078431,"Odzala-Koukoua NP",5,13
63,63,2.05159334489548e-05,0.260153437752732,0.865104684690367,0.673891143947393,0.382803233411276,0.158574644943997,"T","C",208511.576984127,"Okavango",4,16
62,62,0.00014471243054741,0.260153437752732,0.877351316811058,0.690111251032481,0.363928355564242,0.14767018563266,"T","C",216223.520806452,"OLI",5,17
48,48,0.000221015389410634,0.260153437752732,0.882926551599204,0.640033590525108,0.366125879994208,0.149239548996668,"T","CI",201206.112708333,"Omo",5,15
26,26,2.93680999871674e-08,0.260153437752732,0.875279818851096,0.670018749852554,0.348499741654283,0.131460929068456,"T","C",25014.0172115385,"Ouadi Achim",3,12
42,42,1.16932179799998e-05,0.260153437752732,0.792637084177714,0.652315167392345,0.371330122557477,0.146825638459327,"T","CI",89182.3951785714,"Pama",4,15
14,14,4.88956287576028e-11,0.260153437752732,0.891785552029896,0.623406292528006,0.297692900773466,0.100113963425347,"T","C",10028.0107142857,"Qarun Lake NR",2,9
25,25,1.19057467492675e-06,0.260153437752732,0.870102435809203,0.687239496851999,0.382467104669665,0.151807100899451,"T","CI",54376.6495,"Reserve Temporaire",4,9
51,51,0.00201210177116586,0.260153437752732,0.959243619401706,0.690583146978435,0.385226343954492,0.161105830621747,"T","C",211559.475098039,"Ruaha NP",5,17
56,56,0.00202033364237203,0.260153437752732,0.889288555607564,0.687239965244708,0.367995290950148,0.149671242546213,"T","C",181563.919821429,"Rukwa",5,17
52,52,0.000601391237942597,0.260153437752732,0.844805037006699,0.670973087672248,0.392442403242298,0.161804816134466,"T","FL",72898.4455288462,"Rusizi NP",5,17
58,58,0.00069329407263693,0.260153437752732,0.79625181515185,0.672668026956688,0.388917272564449,0.159415409275019,"T","CI",85331.8218534483,"Ruvubu NP",5,17
34,34,0.000100532525595221,0.260153437752732,0.908367076396123,0.677715233374082,0.41815978004937,0.182905429927074,"T","C",198945.175882353,"Rwenzori",5,14
36,36,7.17389742862339e-06,0.260153437752732,0.882959220879092,0.663792827354575,0.387177883873321,0.163917638454318,"T","CI",262550.691388889,"Rwenzori Grassland",4,13
49,49,0.000650901271424466,0.260153437752732,0.856007766614964,0.688782767720557,0.404611376738855,0.172695914859838,"T","C",153911.485663265,"Rwenzori NP",5,16
27,27,1.62639235471442e-05,0.260153437752732,0.840539062615632,0.656507070661488,0.358863876877035,0.135012880617296,"T","C",18884.5721296296,"Sahel ",4,10
32,31,1.70325056899687e-06,0.260153437752732,0.833831444684986,0.661165888170599,0.396945367851405,0.167741767709275,"T","C",197596.625625,"Sahel_Savanna",4,12
49,49,0.000633849334408588,0.260153437752732,0.856105089495388,0.701729859392517,0.417650944436594,0.179064993945724,"T","FL",113212.701496599,"Salonga NP",5,12
17,17,1.75054214292687e-10,0.260153437752732,0.995861382349853,0.572773464281431,0.34077020372721,0.136604590887988,"T","B",617905.911176471,"Samburu NR",3,10
43,43,0.00108414313601949,0.260153437752732,0.797094641749122,0.694139067441467,0.410260113984705,0.169980005313159,"A","FL",16813.6025581395,"Sangmelina",5,13
72,72,0.000736211994412287,0.260153437752732,0.796210614755583,0.701080714744945,0.37339138872434,0.149767978726384,"T","CI",88404.0044097222,"Selous GR",5,17
45,45,4.64612883315171e-05,0.260153437752732,0.913479088208714,0.675844980502169,0.426002749758862,0.186573841654917,"T","FL",159254.997777778,"Semliki",5,14
28,28,6.31753080518907e-06,0.260153437752732,0.941432465137253,0.697658348115626,0.409043626904862,0.174516203697405,"T","C",191391.086785714,"Semliki Montane",5,12
43,43,0.00205047838986978,0.260153437752732,0.881697272692523,0.701042981085132,0.425330505918793,0.186326481059276,"T","FL",156075.584186047,"Seredou",5,13
68,68,0.00226522992976369,0.260153437752732,0.849131691031269,0.703056841189563,0.378928860929798,0.155526336968904,"T","CI",161605.280110294,"Serengeti Bushland",5,17
33,33,6.73215055302168e-07,0.260153437752732,0.968024657831743,0.636177637939556,0.323433443573245,0.116589931848489,"T","G",98497.2520606061,"Serengeti Plains",3,12
11,11,2.30801517167999e-06,0.260153437752732,0.949259545857077,0.723690964839464,0.389209965235572,0.169248769914426,"T","FL",357785.806363636,"Shimba Hills NR",3,6
22,22,4.47505013373898e-05,0.260153437752732,0.900329556069043,0.653062707044996,0.355724750164995,0.132019663244866,"T","C",29404.0422727273,"Simien Mountain NP",4,10
38,38,1.16804322398128e-05,0.260153437752732,0.834033140964682,0.671977570968172,0.371703647783851,0.146729115823161,"T","CI",84287.7384210526,"Singou ",4,13
38,38,1.33931844166825e-05,0.260153437752732,0.806432236979721,0.663645707847473,0.361635861116348,0.142330275024471,"T","C",143623.49625,"Siniaka-Minia FR",3,14
25,25,1.01913968043923e-05,0.260153437752732,0.913296363918628,0.623083290125363,0.387977127976501,0.166803143208305,"T","C",242305.1272,"Skeleton Coast Park",5,12
40,40,0.00231922715575104,0.260153437752732,0.910634372905554,0.668361971175354,0.393341626456271,0.167359712200386,"T","B",194779.576,"Sokoke-Gedi",5,15
58,58,9.53468846994299e-05,0.260153437752732,0.831716138199991,0.666836920141039,0.37427406308031,0.15357927420092,"T","C",220105.298448276,"Southwest Arid",4,15
41,41,3.91680872443155e-06,0.260153437752732,0.859957016618918,0.663526796773481,0.369697156460262,0.148442816102829,"T","C",130098.430243902,"SS Grassland",4,13
48,48,0.000119587502670404,0.260153437752732,0.883271411614288,0.664481625448758,0.369951281824869,0.15105607773532,"T","C",199926.688416667,"Sudan",5,14
48,48,2.06451295380307e-05,0.260153437752732,0.840551492975561,0.664950542848866,0.370050526411486,0.150398913627783,"T","C",200072.286822917,"Sudan Woodland",4,15
54,54,0.00230183195655325,0.260153437752732,0.835305860045323,0.719934854621346,0.415300027432813,0.177606355535507,"T","FL",107849.14,"Tai",5,14
14,14,6.01072997024265e-09,0.260153437752732,0.917265166596451,0.648293092654269,0.328528937765982,0.118610784265392,"T","CI",15705.7,"Talassamtane NP",3,9
12,12,1.05472199464298e-18,0.260153437752732,0.900505765309206,0.591019983448961,0.22019776594778,0.0488541890862687,"T","MF",33976.4483333333,"Tamanrasset",1,9
45,44,0.000700856453082822,0.260153437752732,0.93737956593329,0.674542979983249,0.367448973935536,0.149742586323404,"T","FL",203992.936805556,"Tambarara",5,15
43,43,1.65954884351942e-05,0.260153437752732,0.821432219031058,0.650867861795364,0.362959059624148,0.142403763937118,"T","C",85305.3669186046,"Tamou",4,15
36,36,0.00205211297385307,0.260153437752732,0.927019175308918,0.66694842513367,0.392384705862165,0.166872364098405,"T","FL",217685.692444444,"Tana",5,15
53,53,0.000265283182078629,0.260153437752732,0.902355910103214,0.650513979307992,0.357049651120573,0.141400887675852,"T","C",181975.211132075,"Tarangire",5,16
17,17,1.01710713937651e-12,0.260153437752732,0.933659646567997,0.663234540489876,0.302041061151647,0.101101105269124,"T","C",26991.0823529412,"Tassili N'Ajjer NP",2,8
36,36,1.12244818267453e-05,0.260153437752732,0.882898583881416,0.678483891210028,0.380971455237672,0.160142328907761,"T","FL",239236.162777778,"Tongwe",5,17
66,66,0.00203789166038565,0.260153437752732,0.884891403702385,0.703554888568506,0.386225658777654,0.16025650100731,"T","CI",165743.021212121,"Tsavo",5,16
41,41,5.64935574810555e-05,0.260153437752732,0.830117049534776,0.65416900896199,0.409834312472469,0.170068966501826,"T","C",36924.3431707317,"Tsoulou",5,14
78,78,0.002950027211721,0.260153437752732,0.809407982982189,0.709867497299521,0.394254763066627,0.164180686873636,"T","FL",115617.399321581,"Volcans NP",5,17
55,55,0.000736218971900677,0.260153437752732,0.811977313056665,0.714014052404862,0.3672602493268,0.147714120342597,"T","CI",133328.8025,"Vwaza Marsh WR",5,17
44,44,1.50382031306742e-05,0.260153437752732,0.802318955618637,0.670740225239929,0.375476910623462,0.153199996817717,"T","CI",172550.011761364,"W du Burkina Faso NP",4,15
44,44,1.94222399394894e-05,0.260153437752732,0.825617884510465,0.666671985748966,0.359410051281251,0.142213922007708,"T","C",138462.741761364,"W' du Niger NP",4,15
14,14,4.94757731949614e-11,0.260153437752732,0.892134531254413,0.670176160428302,0.317979968728869,0.108779507603999,"T","C",11146.9464285714,"Wadi el Assuiti",2,8
14,14,5.77299437408849e-12,0.260153437752732,0.891602860191807,0.592933300012306,0.308349826254048,0.104657673707968,"T","C",9920.42285714286,"Wadi el Rayan",2,9
39,39,2.09521368348983e-05,0.260153437752732,0.852750714096537,0.65981058166111,0.369977993427824,0.142862216603682,"T","C",53307.0668589744,"Waterberg Plateau",3,14
42,42,1.90437430377239e-05,0.260153437752732,0.800863557814006,0.661863401279452,0.351890070707721,0.136816285090182,"T","CI",163521.874464286,"Waza NP",3,15
34,34,3.53444747816329e-05,0.260153437752732,0.90673676836161,0.611251656583748,0.350166586406152,0.135887607014249,"T","C",104906.455882353,"Yangudi-Rasa NP",4,13
37,37,7.44886362605682e-06,0.260153437752732,0.958962778394035,0.635566454590517,0.346571203881291,0.137758502887724,"T","C",202751.50972973,"Yankari",4,14
40,40,1.59645477772116e-05,0.260153437752732,0.842735653453578,0.685589267971808,0.37876589801739,0.154716188026407,"T","C",200746.2489375,"Zakouma NP",4,15
64,64,0.000703220416873684,0.260153437752732,0.809812079598958,0.702964423390601,0.386855561205764,0.15604921104141,"T","CI",70470.8078515625,"Zemongo",5,16
62,62,0.0020384452590388,0.260153437752732,0.83391942206361,0.700005439589545,0.375766014804418,0.154291181122551,"T","C",161032.44625,"Zinave",5,17
